{"generated":"2026-04-05 13:16","season_2526":{"total":14783,"graded":10762,"t1_ultra":{"n":242,"acc":0.9091},"t1_premium":{"n":434,"acc":0.7995},"t1":{"n":1438,"acc":0.774},"t2":{"n":1450,"acc":0.691},"t12":{"n":2888,"acc":0.7323},"pl":2014.2,"monthly":{"2025-10":{"wins":127,"total":195,"pl":85.9810000000003},"2025-11":{"wins":418,"total":572,"pl":391.6669999999985},"2025-12":{"wins":388,"total":567,"pl":303.39799999999923},"2026-01":{"wins":431,"total":601,"pl":385.75499999999886},"2026-02":{"wins":281,"total":365,"pl":293.86799999999965},"2026-03":{"wins":423,"total":536,"pl":490.84299999999797},"2026-04":{"wins":47,"total":52,"pl":62.719999999999985}}},"season_2425":{"total":23144,"graded":19850,"t1_ultra":{"n":438,"acc":0.9041},"t1_premium":{"n":608,"acc":0.8257},"t1":{"n":1941,"acc":0.8078},"t2":{"n":1627,"acc":0.6718},"t12":{"n":3568,"acc":0.7458},"pl":2882.1,"monthly":{"2024-12":{"wins":209,"total":288,"pl":188.51599999999917},"2025-01":{"wins":680,"total":924,"pl":686.8969999999946},"2025-02":{"wins":573,"total":768,"pl":588.0029999999957},"2025-03":{"wins":811,"total":1077,"pl":962.773999999992},"2025-04":{"wins":388,"total":511,"pl":455.9349999999984}}}}